"surface","route","bp","width","scrollWidth","innerWidth","noHScroll","targetsMeasured","under24","under24detail","under44","under44detail"
"home","/","mobile-390","390","390","390","true","14","0","[]","0","[]"
"home","/","tablet-768","768","768","768","true","14","0","[]","0","[]"
"home","/","desktop-1440","1440","1440","1440","true","14","0","[]","0","[]"
"state-primitives","/state-primitives","mobile-390","390","390","390","true","49","0","[]","1","[""a\""/state-primitives?env=production\"" 227x36""]"
"state-primitives","/state-primitives","tablet-768","768","768","768","true","49","1","[""a\""/state-primitives?env=production\"" 235x16""]","0","[]"
"state-primitives","/state-primitives","desktop-1440","1440","1440","1440","true","49","1","[""a\""/state-primitives?env=production\"" 235x16""]","0","[]"
"pay-compose","/pay","mobile-390","390","390","390","true","7","0","[]","0","[]"
"pay-compose","/pay","tablet-768","768","768","768","true","7","0","[]","0","[]"
"pay-compose","/pay","desktop-1440","1440","1440","1440","true","7","0","[]","0","[]"
"pay-review","/pay/review","mobile-390","390","390","390","true","7","0","[]","0","[]"
"pay-review","/pay/review","tablet-768","768","768","768","true","7","0","[]","0","[]"
"pay-review","/pay/review","desktop-1440","1440","1440","1440","true","7","0","[]","0","[]"
"pay-intent-state","/pay/INTENT-2041","mobile-390","390","390","390","true","8","1","[""button\""Re-check now\"" 83.2x16""]","0","[]"
"pay-intent-state","/pay/INTENT-2041","tablet-768","768","768","768","true","8","1","[""button\""Re-check now\"" 83.2x16""]","0","[]"
"pay-intent-state","/pay/INTENT-2041","desktop-1440","1440","1440","1440","true","8","1","[""button\""Re-check now\"" 83.2x16""]","0","[]"
"checkout-list","/checkout","mobile-390","390","390","390","true","11","0","[]","0","[]"
"checkout-list","/checkout","tablet-768","768","768","768","true","11","0","[]","0","[]"
"checkout-list","/checkout","desktop-1440","1440","1440","1440","true","11","0","[]","0","[]"
"checkout-decision","/checkout/cko_live_offer_001","mobile-390","390","390","390","true","9","0","[]","0","[]"
"checkout-decision","/checkout/cko_live_offer_001","tablet-768","768","768","768","true","9","0","[]","0","[]"
"checkout-decision","/checkout/cko_live_offer_001","desktop-1440","1440","1440","1440","true","9","0","[]","0","[]"
"capabilities","/capabilities","mobile-390","390","390","390","true","36","0","[]","0","[]"
"capabilities","/capabilities","tablet-768","768","768","768","true","36","0","[]","0","[]"
"capabilities","/capabilities","desktop-1440","1440","1440","1440","true","36","0","[]","0","[]"
"capability-detail","/capabilities/intent-acceptance","mobile-390","390","390","390","true","16","0","[]","0","[]"
"capability-detail","/capabilities/intent-acceptance","tablet-768","768","768","768","true","16","0","[]","0","[]"
"capability-detail","/capabilities/intent-acceptance","desktop-1440","1440","1440","1440","true","16","0","[]","0","[]"
"liquidity","/liquidity","mobile-390","390","390","390","true","12","0","[]","0","[]"
"liquidity","/liquidity","tablet-768","768","768","768","true","12","0","[]","0","[]"
"liquidity","/liquidity","desktop-1440","1440","1440","1440","true","12","0","[]","0","[]"
"oversight","/oversight","mobile-390","390","390","390","true","7","0","[]","0","[]"
"oversight","/oversight","tablet-768","768","768","768","true","7","0","[]","0","[]"
"oversight","/oversight","desktop-1440","1440","1440","1440","true","7","0","[]","0","[]"
"track","/track","mobile-390","390","390","390","true","9","1","[""label\""Payment or settlement reference\"" 326x20""]","0","[]"
"track","/track","tablet-768","768","768","768","true","9","1","[""label\""Payment or settlement reference\"" 688x20""]","0","[]"
"track","/track","desktop-1440","1440","1440","1440","true","9","1","[""label\""Payment or settlement reference\"" 672x20""]","0","[]"
"track-status-intent","/track/PWS-2H8D","mobile-390","390","390","390","true","8","0","[]","0","[]"
"track-status-intent","/track/PWS-2H8D","tablet-768","768","768","768","true","8","0","[]","0","[]"
"track-status-intent","/track/PWS-2H8D","desktop-1440","1440","1440","1440","true","8","0","[]","0","[]"
"track-status-settlement","/track/STL-4419","mobile-390","390","390","390","true","8","0","[]","0","[]"
"track-status-settlement","/track/STL-4419","tablet-768","768","768","768","true","8","0","[]","0","[]"
"track-status-settlement","/track/STL-4419","desktop-1440","1440","1440","1440","true","8","0","[]","0","[]"
"waiting-recovery","/track/TRK-4410-QUEUED-LIQ/waiting","mobile-390","390","390","390","true","11","0","[]","0","[]"
"waiting-recovery","/track/TRK-4410-QUEUED-LIQ/waiting","tablet-768","768","768","768","true","11","0","[]","0","[]"
"waiting-recovery","/track/TRK-4410-QUEUED-LIQ/waiting","desktop-1440","1440","1440","1440","true","11","0","[]","0","[]"
"mediation-hub","/mediation","mobile-390","390","390","390","true","15","0","[]","0","[]"
"mediation-hub","/mediation","tablet-768","768","768","768","true","15","0","[]","0","[]"
"mediation-hub","/mediation","desktop-1440","1440","1440","1440","true","15","0","[]","0","[]"
"mediation-case","/mediation/case/M-101","mobile-390","390","390","390","true","16","1","[""label\""Your statement to the mediation\"" 236.3x14""]","0","[]"
"mediation-case","/mediation/case/M-101","tablet-768","768","768","768","true","16","1","[""label\""Your statement to the mediation\"" 236.3x14""]","0","[]"
"mediation-case","/mediation/case/M-101","desktop-1440","1440","1440","1440","true","16","1","[""label\""Your statement to the mediation\"" 236.3x14""]","0","[]"
"dispute-initiation","/mediation/dispute/new","mobile-390","390","390","390","true","24","7","[""label\""Referenced swap\"" 358x14"",""label\""Goods not received\"" 304x14"",""label\""Goods not as described\"" 304x14"",""label\""Settlement mismatch\"" 304x14"",""label\""Authorization disagreement\"" 304x14"",""label\""Other (evidence required)\"" 304x14"",""label\""Your account of what happened\"" 358x14""]","0","[]"
"dispute-initiation","/mediation/dispute/new","tablet-768","768","768","768","true","24","7","[""label\""Referenced swap\"" 736x14"",""label\""Goods not received\"" 630.4x14"",""label\""Goods not as described\"" 460.1x14"",""label\""Settlement mismatch\"" 490.6x14"",""label\""Authorization disagreement\"" 542.9x14"",""label\""Other (evidence required)\"" 555.1x14"",""label\""Your account of what happened\"" 736x14""]","0","[]"
"dispute-initiation","/mediation/dispute/new","desktop-1440","1440","1440","1440","true","24","7","[""label\""Referenced swap\"" 1408x14"",""label\""Goods not received\"" 630.4x14"",""label\""Goods not as described\"" 460.1x14"",""label\""Settlement mismatch\"" 490.6x14"",""label\""Authorization disagreement\"" 542.9x14"",""label\""Other (evidence required)\"" 555.1x14"",""label\""Your account of what happened\"" 1408x14""]","0","[]"
"dispute-detail","/mediation/dispute/D-201","mobile-390","390","390","390","true","15","1","[""a\""Swap tracking record SW-2038\"" 185.1x14""]","0","[]"
"dispute-detail","/mediation/dispute/D-201","tablet-768","768","768","768","true","15","1","[""a\""Swap tracking record SW-2038\"" 185.1x14""]","0","[]"
"dispute-detail","/mediation/dispute/D-201","desktop-1440","1440","1440","1440","true","15","1","[""a\""Swap tracking record SW-2038\"" 185.1x14""]","0","[]"
"proposal-review","/mediation/proposal/P-001","mobile-390","390","390","390","true","12","0","[]","0","[]"
"proposal-review","/mediation/proposal/P-001","tablet-768","768","768","768","true","12","0","[]","0","[]"
"proposal-review","/mediation/proposal/P-001","desktop-1440","1440","1440","1440","true","12","0","[]","0","[]"
"verification-intent-flow","/verification/intent-flow","mobile-390","390","390","390","true","37","2","[""label\""Next submit outcome (mock script)\"" 326x14"",""label\""Authority reachable\"" 118.7x16""]","0","[]"
"verification-intent-flow","/verification/intent-flow","tablet-768","768","768","768","true","37","2","[""label\""Next submit outcome (mock script)\"" 392.3x14"",""label\""Authority reachable\"" 118.7x16""]","0","[]"
"verification-intent-flow","/verification/intent-flow","desktop-1440","1440","1440","1440","true","37","2","[""label\""Next submit outcome (mock script)\"" 648.3x14"",""label\""Authority reachable\"" 118.7x16""]","0","[]"
"verification-checkout-flow","/verification/checkout-flow","mobile-390","390","390","390","true","68","0","[]","0","[]"
"verification-checkout-flow","/verification/checkout-flow","tablet-768","768","768","768","true","68","0","[]","0","[]"
"verification-checkout-flow","/verification/checkout-flow","desktop-1440","1440","1440","1440","true","68","0","[]","0","[]"
"verification-capability-flow","/verification/capability-flow","mobile-390","390","390","390","true","17","3","[""label\""Capability Registry\"" 136x14"",""label\""Routing Table\"" 100.5x14"",""label\""Corridor Directory\"" 143x14""]","0","[]"
"verification-capability-flow","/verification/capability-flow","tablet-768","768","768","768","true","17","3","[""label\""Capability Registry\"" 136x14"",""label\""Routing Table\"" 100.5x14"",""label\""Corridor Directory\"" 143x14""]","0","[]"
"verification-capability-flow","/verification/capability-flow","desktop-1440","1440","1440","1440","true","17","3","[""label\""Capability Registry\"" 136x14"",""label\""Routing Table\"" 100.5x14"",""label\""Corridor Directory\"" 143x14""]","0","[]"
"verification-liquidity-flow","/verification/liquidity-flow","mobile-390","390","390","390","true","72","4","[""a\""/liquidity\"" 60.7x16"",""a\""/oversight\"" 70.4x16"",""a\""/oversight\"" 70.4x16"",""a\""/liquidity\"" 60.7x16""]","0","[]"
"verification-liquidity-flow","/verification/liquidity-flow","tablet-768","768","768","768","true","72","4","[""a\""/liquidity\"" 60.7x16"",""a\""/oversight\"" 70.4x16"",""a\""/oversight\"" 70.4x16"",""a\""/liquidity\"" 60.7x16""]","0","[]"
"verification-liquidity-flow","/verification/liquidity-flow","desktop-1440","1440","1440","1440","true","72","4","[""a\""/liquidity\"" 60.7x16"",""a\""/oversight\"" 70.4x16"",""a\""/oversight\"" 70.4x16"",""a\""/liquidity\"" 60.7x16""]","0","[]"
"verification-tracking-flow","/verification/tracking-flow","mobile-390","390","390","390","true","19","1","[""a\""/track/PWS-9QM2\"" 122.2x16""]","0","[]"
"verification-tracking-flow","/verification/tracking-flow","tablet-768","768","768","768","true","19","0","[]","1","[""a\""/track/PWS-9QM2\"" 658.7x36""]"
"verification-tracking-flow","/verification/tracking-flow","desktop-1440","1440","1440","1440","true","19","1","[""a\""/track/PWS-9QM2\"" 122.2x16""]","0","[]"
"verification-waiting-flow","/verification/waiting-flow","mobile-390","390","390","390","true","33","0","[]","0","[]"
"verification-waiting-flow","/verification/waiting-flow","tablet-768","768","768","768","true","33","0","[]","0","[]"
"verification-waiting-flow","/verification/waiting-flow","desktop-1440","1440","1440","1440","true","33","0","[]","0","[]"
"verification-mediation-flow","/verification/mediation-flow","mobile-390","390","390","390","true","55","7","[""label\""Referenced swap\"" 326x14"",""label\""Goods not received\"" 272x14"",""label\""Goods not as described\"" 272x14"",""label\""Settlement mismatch\"" 272x14"",""label\""Authorization disagreement\"" 272x14"",""label\""Other (evidence required)\"" 272x14"",""label\""Your account of what happened\"" 326x14""]","0","[]"
"verification-mediation-flow","/verification/mediation-flow","tablet-768","768","768","768","true","55","7","[""label\""Referenced swap\"" 704x14"",""label\""Goods not received\"" 630.4x14"",""label\""Goods not as described\"" 460.1x14"",""label\""Settlement mismatch\"" 490.6x14"",""label\""Authorization disagreement\"" 542.9x14"",""label\""Other (evidence required)\"" 555.1x14"",""label\""Your account of what happened\"" 704x14""]","0","[]"
"verification-mediation-flow","/verification/mediation-flow","desktop-1440","1440","1440","1440","true","55","7","[""label\""Referenced swap\"" 644x14"",""label\""Goods not received\"" 590x14"",""label\""Goods not as described\"" 460.1x14"",""label\""Settlement mismatch\"" 490.6x14"",""label\""Authorization disagreement\"" 542.9x14"",""label\""Other (evidence required)\"" 555.1x14"",""label\""Your account of what happened\"" 644x14""]","0","[]"
"not-found","/no-such-route-ui009","mobile-390","390","390","390","true","7","0","[]","0","[]"
"not-found","/no-such-route-ui009","tablet-768","768","768","768","true","7","0","[]","0","[]"
"not-found","/no-such-route-ui009","desktop-1440","1440","1440","1440","true","7","0","[]","0","[]"